categoria;codice_fonte;descrizione;unita;prezzo_eur;fonte;edizione;url;riferimento
demolizioni e rimozioni;LOM261.OC.EEA.Mc01.C0100.H0002.0000.-;Demolizione di tramezzo interno in lastre di gesso rivestito (cartongesso), per ogni lastra di spessore fino a 2,5 cm. Escluso carico, trasporto e oneri di smaltimento;m²;4.13;Prezzario Regionale dei Lavori Pubblici Regione Lombardia;2026 (DGR XII/6071 del 27/04/2026);https://www.regione.lombardia.it/content/dam/rl/canali-tematici-servizi/09-infrastrutture-trasporti-e-mobilit%C3%A0/01-acquisti-e-contratti-pubblici/02-prezzario-regionale-dei-lavori-pubblici/02-prezzario-regionale-dei-lavori-pubblici-infr/allegati/allegato-2026-unico/allegati-corretti/all-parte-1-elenco-prezzi-civile-urbanizzazione-difesa-suolo-agroforestale.pdf;Parte 1 Elenco prezzi Civile pag. PDF 711 (ex codice 1C.01.070.0010.i)
demolizioni e rimozioni;LOM261.OC.EEA.Mc01.C0100.Za001.0010.a;Demolizione di tramezzo interno in blocchi forati intonacato o rivestito, spessore fino a 7 cm. Escluso carico, trasporto e oneri di smaltimento;m²;10.73;Prezzario Regionale dei Lavori Pubblici Regione Lombardia;2026 (DGR XII/6071 del 27/04/2026);https://www.regione.lombardia.it/content/dam/rl/canali-tematici-servizi/09-infrastrutture-trasporti-e-mobilit%C3%A0/01-acquisti-e-contratti-pubblici/02-prezzario-regionale-dei-lavori-pubblici/02-prezzario-regionale-dei-lavori-pubblici-infr/allegati/allegato-2026-unico/allegati-corretti/all-parte-1-elenco-prezzi-civile-urbanizzazione-difesa-suolo-agroforestale.pdf;Parte 1 Elenco prezzi Civile pag. PDF 713 (ex codice 1C.01.070.0010.a)
demolizioni e rimozioni;LOM261.OC.EEA.Mc01.C0100.Za001.0010.b;Demolizione di tramezzo interno in blocchi forati intonacato o rivestito, spessore fino a 11 cm. Escluso carico, trasporto e oneri di smaltimento;m²;15.54;Prezzario Regionale dei Lavori Pubblici Regione Lombardia;2026 (DGR XII/6071 del 27/04/2026);https://www.regione.lombardia.it/content/dam/rl/canali-tematici-servizi/09-infrastrutture-trasporti-e-mobilit%C3%A0/01-acquisti-e-contratti-pubblici/02-prezzario-regionale-dei-lavori-pubblici/02-prezzario-regionale-dei-lavori-pubblici-infr/allegati/allegato-2026-unico/allegati-corretti/all-parte-1-elenco-prezzi-civile-urbanizzazione-difesa-suolo-agroforestale.pdf;Parte 1 Elenco prezzi Civile pag. PDF 713 (ex codice 1C.01.070.0010.b)
demolizioni e rimozioni;LOM261.OC.EEA.Mc01.C1206.Za000.0250.-;Demolizione di pavimento interno in piastrelle (cemento, ceramica, cotto) con malta di allettamento. Incluso carico e trasporto macerie a impianto. Esclusi oneri di smaltimento;m²;11.29;Prezzario Regionale dei Lavori Pubblici Regione Lombardia;2026 (DGR XII/6071 del 27/04/2026);https://www.regione.lombardia.it/content/dam/rl/canali-tematici-servizi/09-infrastrutture-trasporti-e-mobilit%C3%A0/01-acquisti-e-contratti-pubblici/02-prezzario-regionale-dei-lavori-pubblici/02-prezzario-regionale-dei-lavori-pubblici-infr/allegati/allegato-2026-unico/allegati-corretti/all-parte-1-elenco-prezzi-civile-urbanizzazione-difesa-suolo-agroforestale.pdf;Parte 1 Elenco prezzi Civile pag. PDF 719 (ex codice 1C.01.100.0010.a)
demolizioni e rimozioni;LOM261.OC.EEA.Mc04.C1220.L0002.0250.-;Rimozione di rivestimento in piastrelle di ceramica/gres con malta o collante, con conservazione del supporto. Incluso carico e trasporto a impianto. Esclusi oneri di smaltimento;m²;20.50;Prezzario Regionale dei Lavori Pubblici Regione Lombardia;2026 (DGR XII/6071 del 27/04/2026);https://www.regione.lombardia.it/content/dam/rl/canali-tematici-servizi/09-infrastrutture-trasporti-e-mobilit%C3%A0/01-acquisti-e-contratti-pubblici/02-prezzario-regionale-dei-lavori-pubblici/02-prezzario-regionale-dei-lavori-pubblici-infr/allegati/allegato-2026-unico/allegati-corretti/all-parte-1-elenco-prezzi-civile-urbanizzazione-difesa-suolo-agroforestale.pdf;Parte 1 Elenco prezzi Civile pag. PDF 729 (ex codice 1C.01.120.0010.a)
demolizioni e rimozioni;LOM261.OC.EEA.Mc01.C0915.Za001.0000.b;Demolizione manuale di massetto interno per pavimenti, spessore 5 cm (esclusi massetti a secco). Escluso carico, trasporto e oneri di smaltimento;m²;10.35;Prezzario Regionale dei Lavori Pubblici Regione Lombardia;2026 (DGR XII/6071 del 27/04/2026);https://www.regione.lombardia.it/content/dam/rl/canali-tematici-servizi/09-infrastrutture-trasporti-e-mobilit%C3%A0/01-acquisti-e-contratti-pubblici/02-prezzario-regionale-dei-lavori-pubblici/02-prezzario-regionale-dei-lavori-pubblici-infr/allegati/allegato-2026-unico/allegati-corretti/all-parte-1-elenco-prezzi-civile-urbanizzazione-difesa-suolo-agroforestale.pdf;Parte 1 Elenco prezzi Civile pag. PDF 717 (ex codice 1C.01.100.0020.b)
demolizioni e rimozioni;LOM261.OC.EEA.Mc04.C1240.Za000.0000.-;Rimozione di battiscopa in piastrelle (ceramica, gres, marmo). Incluso carico e trasporto a impianto. Esclusi oneri di smaltimento;m;2.13;Prezzario Regionale dei Lavori Pubblici Regione Lombardia;2026 (DGR XII/6071 del 27/04/2026);https://www.regione.lombardia.it/content/dam/rl/canali-tematici-servizi/09-infrastrutture-trasporti-e-mobilit%C3%A0/01-acquisti-e-contratti-pubblici/02-prezzario-regionale-dei-lavori-pubblici/02-prezzario-regionale-dei-lavori-pubblici-infr/allegati/allegato-2026-unico/allegati-corretti/all-parte-1-elenco-prezzi-civile-urbanizzazione-difesa-suolo-agroforestale.pdf;Parte 1 Elenco prezzi Civile pag. PDF 731 (ex codice 1C.01.120.0020.a)
demolizioni e rimozioni;LOM261.1C.01.170.0010;Rimozione di apparecchi igienico-sanitari con smontaggio di rubinetterie e accessori, abbassamento, carico e trasporto a impianto. Esclusi oneri di smaltimento;cad;28.99;Prezzario Regionale dei Lavori Pubblici Regione Lombardia;2026 (DGR XII/6071 del 27/04/2026) - Parte 4: file della cartella allegati-corretti non più collegato dalla pagina ufficiale, che collega la versione del 27/05/2026 con gli stessi prezzi (verifica Notaio 23/09/2026);https://www.regione.lombardia.it/content/dam/rl/canali-tematici-servizi/09-infrastrutture-trasporti-e-mobilit%C3%A0/01-acquisti-e-contratti-pubblici/02-prezzario-regionale-dei-lavori-pubblici/02-prezzario-regionale-dei-lavori-pubblici-infr/allegati/allegato-2026-unico/allegati-corretti/all-parte-4-elenco-prezzi-precedente-struttura.pdf;Parte 4 Precedente struttura pag. PDF 48 del file citato (nella versione del 27/05/2026 la pagina cambia: il riferimento stabile è il codice)
demolizioni e rimozioni;LOM261.1C.01.170.0020.a;Rimozione delle linee di alimentazione acqua calda e fredda degli apparecchi sanitari fino alle valvole e degli scarichi fino alla colonna, da murature che non vengono demolite, comprese demolizioni a parete e pavimento. Esclusi oneri di smaltimento;cad;115.22;Prezzario Regionale dei Lavori Pubblici Regione Lombardia;2026 (DGR XII/6071 del 27/04/2026) - Parte 4: file della cartella allegati-corretti non più collegato dalla pagina ufficiale, che collega la versione del 27/05/2026 con gli stessi prezzi (verifica Notaio 23/09/2026);https://www.regione.lombardia.it/content/dam/rl/canali-tematici-servizi/09-infrastrutture-trasporti-e-mobilit%C3%A0/01-acquisti-e-contratti-pubblici/02-prezzario-regionale-dei-lavori-pubblici/02-prezzario-regionale-dei-lavori-pubblici-infr/allegati/allegato-2026-unico/allegati-corretti/all-parte-4-elenco-prezzi-precedente-struttura.pdf;Parte 4 Precedente struttura pag. PDF 48 del file citato (nella versione del 27/05/2026 la pagina cambia: il riferimento stabile è il codice)
demolizioni e rimozioni;LOM261.1C.01.090.0020.a;Scrostamento di intonaco interno o esterno fino al vivo della muratura, in buono stato di conservazione, compresi piani di lavoro, pulizia, carico e trasporto a impianto. Esclusi oneri di smaltimento;m²;14.67;Prezzario Regionale dei Lavori Pubblici Regione Lombardia;2026 (DGR XII/6071 del 27/04/2026) - Parte 4: file della cartella allegati-corretti non più collegato dalla pagina ufficiale, che collega la versione del 27/05/2026 con gli stessi prezzi (verifica Notaio 23/09/2026);https://www.regione.lombardia.it/content/dam/rl/canali-tematici-servizi/09-infrastrutture-trasporti-e-mobilit%C3%A0/01-acquisti-e-contratti-pubblici/02-prezzario-regionale-dei-lavori-pubblici/02-prezzario-regionale-dei-lavori-pubblici-infr/allegati/allegato-2026-unico/allegati-corretti/all-parte-4-elenco-prezzi-precedente-struttura.pdf;Parte 4 Precedente struttura pag. PDF 48 del file citato (nella versione del 27/05/2026 la pagina cambia: il riferimento stabile è il codice)
demolizioni e rimozioni;LOM261.OC.EEA.Mc04.C3310.Qa000.0000.b;Rimozione di porta in legno interna o esterna con controtelaio, telaio, imbotte e mostre, con cernita vetro e legno. Escluso carico e trasporto a deposito o discarica;m²;16.10;Prezzario Regionale dei Lavori Pubblici Regione Lombardia;2026 (DGR XII/6071 del 27/04/2026);https://www.regione.lombardia.it/content/dam/rl/canali-tematici-servizi/09-infrastrutture-trasporti-e-mobilit%C3%A0/01-acquisti-e-contratti-pubblici/02-prezzario-regionale-dei-lavori-pubblici/02-prezzario-regionale-dei-lavori-pubblici-infr/allegati/allegato-2026-unico/allegati-corretti/all-parte-1-elenco-prezzi-civile-urbanizzazione-difesa-suolo-agroforestale.pdf;Parte 1 Elenco prezzi Civile pag. PDF 733 (ex codice 1C.01.140.0010.b)
demolizioni e rimozioni;LOM261.1E.02.070.0010;Rimozione di punto di utilizzo elettrico su impianto in opera, con sfilaggio dei cavi sotto traccia e delle apparecchiature di comando, trasporto e conferimento a smaltimento;cad;10.65;Prezzario Regionale dei Lavori Pubblici Regione Lombardia;2026 (DGR XII/6071 del 27/04/2026) - Parte 4: file della cartella allegati-corretti non più collegato dalla pagina ufficiale, che collega la versione del 27/05/2026 con gli stessi prezzi (verifica Notaio 23/09/2026);https://www.regione.lombardia.it/content/dam/rl/canali-tematici-servizi/09-infrastrutture-trasporti-e-mobilit%C3%A0/01-acquisti-e-contratti-pubblici/02-prezzario-regionale-dei-lavori-pubblici/02-prezzario-regionale-dei-lavori-pubblici-infr/allegati/allegato-2026-unico/allegati-corretti/all-parte-4-elenco-prezzi-precedente-struttura.pdf;Parte 4 Precedente struttura pag. PDF 139 del file citato (nella versione del 27/05/2026 la pagina cambia: il riferimento stabile è il codice)
trasporto e smaltimento;LOM261.1C.27.050.0100.d;Oneri di conferimento di rifiuti misti da costruzione e demolizione (CER 170904) a impianto di smaltimento autorizzato per rifiuti inerti;100 kg;3.54;Prezzario Regionale dei Lavori Pubblici Regione Lombardia;2026 (DGR XII/6071 del 27/04/2026) - Parte 4: file della cartella allegati-corretti non più collegato dalla pagina ufficiale, che collega la versione del 27/05/2026 con gli stessi prezzi (verifica Notaio 23/09/2026);https://www.regione.lombardia.it/content/dam/rl/canali-tematici-servizi/09-infrastrutture-trasporti-e-mobilit%C3%A0/01-acquisti-e-contratti-pubblici/02-prezzario-regionale-dei-lavori-pubblici/02-prezzario-regionale-dei-lavori-pubblici-infr/allegati/allegato-2026-unico/allegati-corretti/all-parte-4-elenco-prezzi-precedente-struttura.pdf;Parte 4 Precedente struttura pag. PDF 136 del file citato (nella versione del 27/05/2026 la pagina cambia: il riferimento stabile è il codice)
trasporto e smaltimento;LOM261.1C.27.050.0100.e;Oneri di conferimento di rifiuti misti da costruzione e demolizione (CER 170904) a impianto di smaltimento autorizzato per rifiuti non pericolosi;100 kg;8.49;Prezzario Regionale dei Lavori Pubblici Regione Lombardia;2026 (DGR XII/6071 del 27/04/2026) - Parte 4: file della cartella allegati-corretti non più collegato dalla pagina ufficiale, che collega la versione del 27/05/2026 con gli stessi prezzi (verifica Notaio 23/09/2026);https://www.regione.lombardia.it/content/dam/rl/canali-tematici-servizi/09-infrastrutture-trasporti-e-mobilit%C3%A0/01-acquisti-e-contratti-pubblici/02-prezzario-regionale-dei-lavori-pubblici/02-prezzario-regionale-dei-lavori-pubblici-infr/allegati/allegato-2026-unico/allegati-corretti/all-parte-4-elenco-prezzi-precedente-struttura.pdf;Parte 4 Precedente struttura pag. PDF 136 del file citato (nella versione del 27/05/2026 la pagina cambia: il riferimento stabile è il codice)
trasporto e smaltimento;LOM261.1C.27.050.0100.f;Oneri di conferimento di rifiuti misti da costruzione e demolizione (CER 170904) a impianto di recupero autorizzato;100 kg;1.99;Prezzario Regionale dei Lavori Pubblici Regione Lombardia;2026 (DGR XII/6071 del 27/04/2026) - Parte 4: file della cartella allegati-corretti non più collegato dalla pagina ufficiale, che collega la versione del 27/05/2026 con gli stessi prezzi (verifica Notaio 23/09/2026);https://www.regione.lombardia.it/content/dam/rl/canali-tematici-servizi/09-infrastrutture-trasporti-e-mobilit%C3%A0/01-acquisti-e-contratti-pubblici/02-prezzario-regionale-dei-lavori-pubblici/02-prezzario-regionale-dei-lavori-pubblici-infr/allegati/allegato-2026-unico/allegati-corretti/all-parte-4-elenco-prezzi-precedente-struttura.pdf;Parte 4 Precedente struttura pag. PDF 136 del file citato (nella versione del 27/05/2026 la pagina cambia: il riferimento stabile è il codice)
trasporto e smaltimento;LOM261.1C.27.050.0100.g;Oneri di conferimento di rifiuti da costruzione e demolizione in legno (CER 170201) a impianto di recupero autorizzato;100 kg;18.52;Prezzario Regionale dei Lavori Pubblici Regione Lombardia;2026 (DGR XII/6071 del 27/04/2026) - Parte 4: file della cartella allegati-corretti non più collegato dalla pagina ufficiale, che collega la versione del 27/05/2026 con gli stessi prezzi (verifica Notaio 23/09/2026);https://www.regione.lombardia.it/content/dam/rl/canali-tematici-servizi/09-infrastrutture-trasporti-e-mobilit%C3%A0/01-acquisti-e-contratti-pubblici/02-prezzario-regionale-dei-lavori-pubblici/02-prezzario-regionale-dei-lavori-pubblici-infr/allegati/allegato-2026-unico/allegati-corretti/all-parte-4-elenco-prezzi-precedente-struttura.pdf;Parte 4 Precedente struttura pag. PDF 136 del file citato (nella versione del 27/05/2026 la pagina cambia: il riferimento stabile è il codice)
trasporto e smaltimento;LOM261.NC.90.050.0050;Carico esclusivamente manuale di materiali sfusi (macerie, terre), trasporto a discarica autorizzata a qualsiasi distanza e scarico;m³;30.04;Prezzario Regionale dei Lavori Pubblici Regione Lombardia;2026 (DGR XII/6071 del 27/04/2026) - Parte 4: file della cartella allegati-corretti non più collegato dalla pagina ufficiale, che collega la versione del 27/05/2026 con gli stessi prezzi (verifica Notaio 23/09/2026);https://www.regione.lombardia.it/content/dam/rl/canali-tematici-servizi/09-infrastrutture-trasporti-e-mobilit%C3%A0/01-acquisti-e-contratti-pubblici/02-prezzario-regionale-dei-lavori-pubblici/02-prezzario-regionale-dei-lavori-pubblici-infr/allegati/allegato-2026-unico/allegati-corretti/all-parte-4-elenco-prezzi-precedente-struttura.pdf;Parte 4 Precedente struttura pag. PDF 243 del file citato (nella versione del 27/05/2026 la pagina cambia: il riferimento stabile è il codice)
trasporto e smaltimento;LOM261.NC.80.050.0010;Solo trasporto di materiali sciolti già caricati sul mezzo, a discarica o impianto di riciclaggio a qualsiasi distanza, e scarico;m³;15.56;Prezzario Regionale dei Lavori Pubblici Regione Lombardia;2026 (DGR XII/6071 del 27/04/2026) - Parte 4: file della cartella allegati-corretti non più collegato dalla pagina ufficiale, che collega la versione del 27/05/2026 con gli stessi prezzi (verifica Notaio 23/09/2026);https://www.regione.lombardia.it/content/dam/rl/canali-tematici-servizi/09-infrastrutture-trasporti-e-mobilit%C3%A0/01-acquisti-e-contratti-pubblici/02-prezzario-regionale-dei-lavori-pubblici/02-prezzario-regionale-dei-lavori-pubblici-infr/allegati/allegato-2026-unico/allegati-corretti/all-parte-4-elenco-prezzi-precedente-struttura.pdf;Parte 4 Precedente struttura pag. PDF 238 del file citato (nella versione del 27/05/2026 la pagina cambia: il riferimento stabile è il codice)
bagni;LOM261.OC.EEA.Pa01.N8220.L0008.0000.-;Vaso igienico a pavimento in vitreous-china bianco con viteria, raccordo di scarico e guarnizioni, installato (cassetta esclusa);cad;226.33;Prezzario Regionale dei Lavori Pubblici Regione Lombardia;2026 (DGR XII/6071 del 27/04/2026);https://www.regione.lombardia.it/content/dam/rl/canali-tematici-servizi/09-infrastrutture-trasporti-e-mobilit%C3%A0/01-acquisti-e-contratti-pubblici/02-prezzario-regionale-dei-lavori-pubblici/02-prezzario-regionale-dei-lavori-pubblici-infr/allegati/allegato-2026-unico/allegati-corretti/all-parte-1-elenco-prezzi-civile-urbanizzazione-difesa-suolo-agroforestale.pdf;Parte 1 Elenco prezzi Civile pag. PDF 82 (ex codice 1M.11.010.0010.a)
bagni;LOM261.OC.EEA.Pa01.N8220.L0008.0015.-;Vaso igienico sospeso in vitreous-china bianco con telaio metallico da incasso, mensole, raccordo di scarico e guarnizioni, installato;cad;241.02;Prezzario Regionale dei Lavori Pubblici Regione Lombardia;2026 (DGR XII/6071 del 27/04/2026);https://www.regione.lombardia.it/content/dam/rl/canali-tematici-servizi/09-infrastrutture-trasporti-e-mobilit%C3%A0/01-acquisti-e-contratti-pubblici/02-prezzario-regionale-dei-lavori-pubblici/02-prezzario-regionale-dei-lavori-pubblici-infr/allegati/allegato-2026-unico/allegati-corretti/all-parte-1-elenco-prezzi-civile-urbanizzazione-difesa-suolo-agroforestale.pdf;Parte 1 Elenco prezzi Civile pag. PDF 82 (ex codice 1M.11.010.0010.d)
bagni;LOM261.OC.EEA.Pa01.N9705.Za001.0000.-;Cassetta di lavaggio da incasso per vaso, capacità minima 10 l, con comando a pulsante, placca, tubo di allacciamento e guarnizioni, installata;cad;190.10;Prezzario Regionale dei Lavori Pubblici Regione Lombardia;2026 (DGR XII/6071 del 27/04/2026);https://www.regione.lombardia.it/content/dam/rl/canali-tematici-servizi/09-infrastrutture-trasporti-e-mobilit%C3%A0/01-acquisti-e-contratti-pubblici/02-prezzario-regionale-dei-lavori-pubblici/02-prezzario-regionale-dei-lavori-pubblici-infr/allegati/allegato-2026-unico/allegati-corretti/all-parte-1-elenco-prezzi-civile-urbanizzazione-difesa-suolo-agroforestale.pdf;Parte 1 Elenco prezzi Civile pag. PDF 91 (ex codice 1M.11.010.0030.f)
bagni;LOM261.OC.EEA.Pa01.N8230.L0012.0000.-;Bidet a pavimento in vetrochina bianco con viti di fissaggio, installato (rubinetteria esclusa);cad;136.88;Prezzario Regionale dei Lavori Pubblici Regione Lombardia;2026 (DGR XII/6071 del 27/04/2026);https://www.regione.lombardia.it/content/dam/rl/canali-tematici-servizi/09-infrastrutture-trasporti-e-mobilit%C3%A0/01-acquisti-e-contratti-pubblici/02-prezzario-regionale-dei-lavori-pubblici/02-prezzario-regionale-dei-lavori-pubblici-infr/allegati/allegato-2026-unico/allegati-corretti/all-parte-1-elenco-prezzi-civile-urbanizzazione-difesa-suolo-agroforestale.pdf;Parte 1 Elenco prezzi Civile pag. PDF 84 (ex codice 1M.11.030.0010.a)
bagni;LOM261.OC.EEA.Pa01.N8225.L0012.0005.-;Lavabo a parete in vetrochina bianco da 65 cm con mensole, installato (rubinetteria esclusa);cad;123.02;Prezzario Regionale dei Lavori Pubblici Regione Lombardia;2026 (DGR XII/6071 del 27/04/2026);https://www.regione.lombardia.it/content/dam/rl/canali-tematici-servizi/09-infrastrutture-trasporti-e-mobilit%C3%A0/01-acquisti-e-contratti-pubblici/02-prezzario-regionale-dei-lavori-pubblici/02-prezzario-regionale-dei-lavori-pubblici-infr/allegati/allegato-2026-unico/allegati-corretti/all-parte-1-elenco-prezzi-civile-urbanizzazione-difesa-suolo-agroforestale.pdf;Parte 1 Elenco prezzi Civile pag. PDF 83 (ex codice 1M.11.020.0010.b)
bagni;LOM261.OC.EEA.Pa01.N8240.L0013.0005.-;Piatto doccia quadrato in fireclay bianco 80x80 cm, installato;cad;181.82;Prezzario Regionale dei Lavori Pubblici Regione Lombardia;2026 (DGR XII/6071 del 27/04/2026);https://www.regione.lombardia.it/content/dam/rl/canali-tematici-servizi/09-infrastrutture-trasporti-e-mobilit%C3%A0/01-acquisti-e-contratti-pubblici/02-prezzario-regionale-dei-lavori-pubblici/02-prezzario-regionale-dei-lavori-pubblici-infr/allegati/allegato-2026-unico/allegati-corretti/all-parte-1-elenco-prezzi-civile-urbanizzazione-difesa-suolo-agroforestale.pdf;Parte 1 Elenco prezzi Civile pag. PDF 86 (ex codice 1M.11.050.0010.b)
bagni;LOM261.OC.EEA.Pa01.N8235.Sb001.0005.-;Vasca da bagno in acciaio smaltato bianco 170x70 cm da rivestire, installata;cad;157.20;Prezzario Regionale dei Lavori Pubblici Regione Lombardia;2026 (DGR XII/6071 del 27/04/2026);https://www.regione.lombardia.it/content/dam/rl/canali-tematici-servizi/09-infrastrutture-trasporti-e-mobilit%C3%A0/01-acquisti-e-contratti-pubblici/02-prezzario-regionale-dei-lavori-pubblici/02-prezzario-regionale-dei-lavori-pubblici-infr/allegati/allegato-2026-unico/allegati-corretti/all-parte-1-elenco-prezzi-civile-urbanizzazione-difesa-suolo-agroforestale.pdf;Parte 1 Elenco prezzi Civile pag. PDF 85 (ex codice 1M.11.040.0010.b)
bagni;LOM261.OC.EEA.Pa29.I8234.Za001.0000.-;Miscelatore monocomando per lavabo da 1/2 pollice con bocca fissa, scarico a saltarello e tubi di allacciamento, montato;cad;107.44;Prezzario Regionale dei Lavori Pubblici Regione Lombardia;2026 (DGR XII/6071 del 27/04/2026);https://www.regione.lombardia.it/content/dam/rl/canali-tematici-servizi/09-infrastrutture-trasporti-e-mobilit%C3%A0/01-acquisti-e-contratti-pubblici/02-prezzario-regionale-dei-lavori-pubblici/02-prezzario-regionale-dei-lavori-pubblici-infr/allegati/allegato-2026-unico/allegati-corretti/all-parte-2-elenco-prezzi-impianti-meccanici-elettrici-elettrotecnici-idraulici-e-antincendi.pdf;Parte 2 Elenco prezzi Impianti pag. PDF 1776 (ex codice 1M.11.020.0040.a)
bagni;LOM261.OC.EEA.Pa29.I8234.Za001.0025.-;Miscelatore monocomando per bidet da 1/2 pollice con bocca fissa, scarico a saltarello e raccordi flessibili, montato;cad;123.10;Prezzario Regionale dei Lavori Pubblici Regione Lombardia;2026 (DGR XII/6071 del 27/04/2026);https://www.regione.lombardia.it/content/dam/rl/canali-tematici-servizi/09-infrastrutture-trasporti-e-mobilit%C3%A0/01-acquisti-e-contratti-pubblici/02-prezzario-regionale-dei-lavori-pubblici/02-prezzario-regionale-dei-lavori-pubblici-infr/allegati/allegato-2026-unico/allegati-corretti/all-parte-2-elenco-prezzi-impianti-meccanici-elettrici-elettrotecnici-idraulici-e-antincendi.pdf;Parte 2 Elenco prezzi Impianti pag. PDF 1777 (ex codice 1M.11.030.0020)
bagni;LOM261.OC.EEA.Pa29.I8234.Za001.0040.-;Miscelatore monocomando da incasso per doccia da 1/2 pollice con braccio e soffione anticalcare orientabile, montato;cad;139.93;Prezzario Regionale dei Lavori Pubblici Regione Lombardia;2026 (DGR XII/6071 del 27/04/2026);https://www.regione.lombardia.it/content/dam/rl/canali-tematici-servizi/09-infrastrutture-trasporti-e-mobilit%C3%A0/01-acquisti-e-contratti-pubblici/02-prezzario-regionale-dei-lavori-pubblici/02-prezzario-regionale-dei-lavori-pubblici-infr/allegati/allegato-2026-unico/allegati-corretti/all-parte-2-elenco-prezzi-impianti-meccanici-elettrici-elettrotecnici-idraulici-e-antincendi.pdf;Parte 2 Elenco prezzi Impianti pag. PDF 1777 (ex codice 1M.11.050.0020.b)
bagni;LOM261.OC.EEA.Pa29.I7800.Za001.0750.-;Gruppo di scarico per doccia con pozzetto sifonato e piletta grigliata, montato;cad;52.69;Prezzario Regionale dei Lavori Pubblici Regione Lombardia;2026 (DGR XII/6071 del 27/04/2026);https://www.regione.lombardia.it/content/dam/rl/canali-tematici-servizi/09-infrastrutture-trasporti-e-mobilit%C3%A0/01-acquisti-e-contratti-pubblici/02-prezzario-regionale-dei-lavori-pubblici/02-prezzario-regionale-dei-lavori-pubblici-infr/allegati/allegato-2026-unico/allegati-corretti/all-parte-2-elenco-prezzi-impianti-meccanici-elettrici-elettrotecnici-idraulici-e-antincendi.pdf;Parte 2 Elenco prezzi Impianti pag. PDF 1770 (ex codice 1M.11.050.0030)
bagni;LOM261.OC.EEA.Pa02.C1220.L0005.0010.-;Rivestimento in piastrelle di gres porcellanato 20x20 cm liscio colore chiaro, prima scelta, con pezzi speciali e collante, posato su idoneo intonaco con stuccatura giunti. Esclusa assistenza muraria;m²;50.62;Prezzario Regionale dei Lavori Pubblici Regione Lombardia;2026 (DGR XII/6071 del 27/04/2026);https://www.regione.lombardia.it/content/dam/rl/canali-tematici-servizi/09-infrastrutture-trasporti-e-mobilit%C3%A0/01-acquisti-e-contratti-pubblici/02-prezzario-regionale-dei-lavori-pubblici/02-prezzario-regionale-dei-lavori-pubblici-infr/allegati/allegato-2026-unico/allegati-corretti/all-parte-1-elenco-prezzi-civile-urbanizzazione-difesa-suolo-agroforestale.pdf;Parte 1 Elenco prezzi Civile pag. PDF 237 (ex codice 1C.19.050.0040.c)
bagni;LOM261.OC.EEA.Pa02.C1220.L0001.0000.-;Rivestimento in piastrelle di monocottura smaltata 20x20 cm, con pezzi speciali e collante, posato su idoneo intonaco con stuccatura giunti. Esclusa assistenza muraria;m²;48.92;Prezzario Regionale dei Lavori Pubblici Regione Lombardia;2026 (DGR XII/6071 del 27/04/2026);https://www.regione.lombardia.it/content/dam/rl/canali-tematici-servizi/09-infrastrutture-trasporti-e-mobilit%C3%A0/01-acquisti-e-contratti-pubblici/02-prezzario-regionale-dei-lavori-pubblici/02-prezzario-regionale-dei-lavori-pubblici-infr/allegati/allegato-2026-unico/allegati-corretti/all-parte-1-elenco-prezzi-civile-urbanizzazione-difesa-suolo-agroforestale.pdf;Parte 1 Elenco prezzi Civile pag. PDF 234 (ex codice 1C.19.050.0020.a)
cucine;LOM261.OC.EEA.Pa01.N8210.Sb008.0000.-;Lavello da semi-incasso in acciaio inox 1 bacino con scolapiatti 90x50 cm, con mensole, installato;cad;148.28;Prezzario Regionale dei Lavori Pubblici Regione Lombardia;2026 (DGR XII/6071 del 27/04/2026);https://www.regione.lombardia.it/content/dam/rl/canali-tematici-servizi/09-infrastrutture-trasporti-e-mobilit%C3%A0/01-acquisti-e-contratti-pubblici/02-prezzario-regionale-dei-lavori-pubblici/02-prezzario-regionale-dei-lavori-pubblici-infr/allegati/allegato-2026-unico/allegati-corretti/all-parte-1-elenco-prezzi-civile-urbanizzazione-difesa-suolo-agroforestale.pdf;Parte 1 Elenco prezzi Civile pag. PDF 80 (ex codice 1M.11.060.0020.a)
cucine;LOM261.OC.EEA.Pa29.I8234.Za001.0050.-;Miscelatore monocomando per lavello da 1/2 pollice con bocca girevole e tubi di allacciamento, montato;cad;142.08;Prezzario Regionale dei Lavori Pubblici Regione Lombardia;2026 (DGR XII/6071 del 27/04/2026);https://www.regione.lombardia.it/content/dam/rl/canali-tematici-servizi/09-infrastrutture-trasporti-e-mobilit%C3%A0/01-acquisti-e-contratti-pubblici/02-prezzario-regionale-dei-lavori-pubblici/02-prezzario-regionale-dei-lavori-pubblici-infr/allegati/allegato-2026-unico/allegati-corretti/all-parte-2-elenco-prezzi-impianti-meccanici-elettrici-elettrotecnici-idraulici-e-antincendi.pdf;Parte 2 Elenco prezzi Impianti pag. PDF 1777 (ex codice 1M.11.060.0040.a)
cucine;LOM261.OC.EEA.Pa29.I7800.Za001.0260.-;Gruppo di scarico per lavello a 1 bacino con piletta, tappo e sifone ispezionabile, montato;cad;58.70;Prezzario Regionale dei Lavori Pubblici Regione Lombardia;2026 (DGR XII/6071 del 27/04/2026);https://www.regione.lombardia.it/content/dam/rl/canali-tematici-servizi/09-infrastrutture-trasporti-e-mobilit%C3%A0/01-acquisti-e-contratti-pubblici/02-prezzario-regionale-dei-lavori-pubblici/02-prezzario-regionale-dei-lavori-pubblici-infr/allegati/allegato-2026-unico/allegati-corretti/all-parte-2-elenco-prezzi-impianti-meccanici-elettrici-elettrotecnici-idraulici-e-antincendi.pdf;Parte 2 Elenco prezzi Impianti pag. PDF 1770 (ex codice 1M.11.060.0050.a)
cucine;LOM261.OC.EEA.Pa02.C1220.L0001.0020.-;Rivestimento in piastrelle di monocottura smaltata in tinta unita 30x30 cm, con pezzi speciali e collante, posato su idoneo intonaco. Esclusa assistenza muraria;m²;54.89;Prezzario Regionale dei Lavori Pubblici Regione Lombardia;2026 (DGR XII/6071 del 27/04/2026);https://www.regione.lombardia.it/content/dam/rl/canali-tematici-servizi/09-infrastrutture-trasporti-e-mobilit%C3%A0/01-acquisti-e-contratti-pubblici/02-prezzario-regionale-dei-lavori-pubblici/02-prezzario-regionale-dei-lavori-pubblici-infr/allegati/allegato-2026-unico/allegati-corretti/all-parte-1-elenco-prezzi-civile-urbanizzazione-difesa-suolo-agroforestale.pdf;Parte 1 Elenco prezzi Civile pag. PDF 235 (ex codice 1C.19.050.0020.e)
cucine;LOM261.OC.EEA.Pa02.C1220.L0010.0010.-;Rivestimento in piastrelle di maiolica smaltata in tinta unita 20x20 cm, con pezzi speciali e collante, posato su idoneo intonaco. Esclusa assistenza muraria;m²;51.02;Prezzario Regionale dei Lavori Pubblici Regione Lombardia;2026 (DGR XII/6071 del 27/04/2026);https://www.regione.lombardia.it/content/dam/rl/canali-tematici-servizi/09-infrastrutture-trasporti-e-mobilit%C3%A0/01-acquisti-e-contratti-pubblici/02-prezzario-regionale-dei-lavori-pubblici/02-prezzario-regionale-dei-lavori-pubblici-infr/allegati/allegato-2026-unico/allegati-corretti/all-parte-1-elenco-prezzi-civile-urbanizzazione-difesa-suolo-agroforestale.pdf;Parte 1 Elenco prezzi Civile pag. PDF 239 (ex codice 1C.19.050.0010.c)
cucine;LOM261.OC.EEA.Pa01.G8235.Za001.1015.-;Punto presa da incasso 2P+T 16 A con interruttore bipolare, completo di tubo, conduttori, scatola, frutto e placca e linea fino al punto di alimentazione;cad;53.32;Prezzario Regionale dei Lavori Pubblici Regione Lombardia;2026 (DGR XII/6071 del 27/04/2026);https://www.regione.lombardia.it/content/dam/rl/canali-tematici-servizi/09-infrastrutture-trasporti-e-mobilit%C3%A0/01-acquisti-e-contratti-pubblici/02-prezzario-regionale-dei-lavori-pubblici/02-prezzario-regionale-dei-lavori-pubblici-infr/allegati/allegato-2026-unico/allegati-corretti/all-parte-2-elenco-prezzi-impianti-meccanici-elettrici-elettrotecnici-idraulici-e-antincendi.pdf;Parte 2 Elenco prezzi Impianti pag. PDF 813 (ex codice 1E.02.060.0015.k)
tinteggiature e rasature;LOM261.OC.EEA.Pa06.C1234.Ca000.0000.-;Idropittura traspirante semilavabile per interni su intonaco civile o gesso già preparato, 2 mani. Esclusi assistenza muraria e piani di lavoro;m²;5.37;Prezzario Regionale dei Lavori Pubblici Regione Lombardia;2026 (DGR XII/6071 del 27/04/2026);https://www.regione.lombardia.it/content/dam/rl/canali-tematici-servizi/09-infrastrutture-trasporti-e-mobilit%C3%A0/01-acquisti-e-contratti-pubblici/02-prezzario-regionale-dei-lavori-pubblici/02-prezzario-regionale-dei-lavori-pubblici-infr/allegati/allegato-2026-unico/allegati-corretti/all-parte-1-elenco-prezzi-civile-urbanizzazione-difesa-suolo-agroforestale.pdf;Parte 1 Elenco prezzi Civile pag. PDF 596 (ex codice 1C.24.120.0020.b)
tinteggiature e rasature;LOM261.OC.EEA.Pa06.C1234.Ca015.0000.-;Idropittura vinilica traspirante lavabile per interni su intonaco già preparato, 2 mani. Esclusi assistenza muraria e piani di lavoro;m²;5.08;Prezzario Regionale dei Lavori Pubblici Regione Lombardia;2026 (DGR XII/6071 del 27/04/2026);https://www.regione.lombardia.it/content/dam/rl/canali-tematici-servizi/09-infrastrutture-trasporti-e-mobilit%C3%A0/01-acquisti-e-contratti-pubblici/02-prezzario-regionale-dei-lavori-pubblici/02-prezzario-regionale-dei-lavori-pubblici-infr/allegati/allegato-2026-unico/allegati-corretti/all-parte-1-elenco-prezzi-civile-urbanizzazione-difesa-suolo-agroforestale.pdf;Parte 1 Elenco prezzi Civile pag. PDF 599 (ex codice 1C.24.120.0020.a)
tinteggiature e rasature;LOM261.OC.EEA.Pa06.C1234.Ca012.0000.-;Idropittura acrilica traspirante superlavabile per interni (oltre 5000 colpi spazzola) su intonaco già preparato, 2 mani. Esclusi assistenza muraria e piani di lavoro;m²;5.47;Prezzario Regionale dei Lavori Pubblici Regione Lombardia;2026 (DGR XII/6071 del 27/04/2026);https://www.regione.lombardia.it/content/dam/rl/canali-tematici-servizi/09-infrastrutture-trasporti-e-mobilit%C3%A0/01-acquisti-e-contratti-pubblici/02-prezzario-regionale-dei-lavori-pubblici/02-prezzario-regionale-dei-lavori-pubblici-infr/allegati/allegato-2026-unico/allegati-corretti/all-parte-1-elenco-prezzi-civile-urbanizzazione-difesa-suolo-agroforestale.pdf;Parte 1 Elenco prezzi Civile pag. PDF 597 (ex codice 1C.24.120.0020.c)
tinteggiature e rasature;LOM261.OC.EEA.Pa06.C1234.Ca012.0005.-;Idropittura acrilica traspirante lavabile per interni (oltre 10000 colpi spazzola) su intonaco già preparato, 2 mani. Esclusi assistenza muraria e piani di lavoro;m²;6.11;Prezzario Regionale dei Lavori Pubblici Regione Lombardia;2026 (DGR XII/6071 del 27/04/2026);https://www.regione.lombardia.it/content/dam/rl/canali-tematici-servizi/09-infrastrutture-trasporti-e-mobilit%C3%A0/01-acquisti-e-contratti-pubblici/02-prezzario-regionale-dei-lavori-pubblici/02-prezzario-regionale-dei-lavori-pubblici-infr/allegati/allegato-2026-unico/allegati-corretti/all-parte-1-elenco-prezzi-civile-urbanizzazione-difesa-suolo-agroforestale.pdf;Parte 1 Elenco prezzi Civile pag. PDF 597 (ex codice 1C.24.120.0020.d)
tinteggiature e rasature;LOM261.OC.EEA.Pa06.C1234.Ca028.0000.-;Pittura alchidica (smalto) lucida o satinata per interni su intonaco già preparato, 2 mani. Esclusi assistenza muraria e piani di lavoro;m²;7.39;Prezzario Regionale dei Lavori Pubblici Regione Lombardia;2026 (DGR XII/6071 del 27/04/2026);https://www.regione.lombardia.it/content/dam/rl/canali-tematici-servizi/09-infrastrutture-trasporti-e-mobilit%C3%A0/01-acquisti-e-contratti-pubblici/02-prezzario-regionale-dei-lavori-pubblici/02-prezzario-regionale-dei-lavori-pubblici-infr/allegati/allegato-2026-unico/allegati-corretti/all-parte-1-elenco-prezzi-civile-urbanizzazione-difesa-suolo-agroforestale.pdf;Parte 1 Elenco prezzi Civile pag. PDF 600 (ex codice 1C.24.120.0030.b)
tinteggiature e rasature;LOM261.1C.24.100.0020.a;Trattamento delle superfici prima di rasature o pitturazioni con primer in dispersione acquosa a rullo o pennello, compresi piani di lavoro interni;m²;2.50;Prezzario Regionale dei Lavori Pubblici Regione Lombardia;2026 (DGR XII/6071 del 27/04/2026) - Parte 4: file della cartella allegati-corretti non più collegato dalla pagina ufficiale, che collega la versione del 27/05/2026 con gli stessi prezzi (verifica Notaio 23/09/2026);https://www.regione.lombardia.it/content/dam/rl/canali-tematici-servizi/09-infrastrutture-trasporti-e-mobilit%C3%A0/01-acquisti-e-contratti-pubblici/02-prezzario-regionale-dei-lavori-pubblici/02-prezzario-regionale-dei-lavori-pubblici-infr/allegati/allegato-2026-unico/allegati-corretti/all-parte-4-elenco-prezzi-precedente-struttura.pdf;Parte 4 Precedente struttura pag. PDF 111 del file citato (nella versione del 27/05/2026 la pagina cambia: il riferimento stabile è il codice)
tinteggiature e rasature;LOM261.1C.24.100.0020.e;Trattamento delle superfici con liquido antimuffa, antibatterico, antialghe a pennello o rullo con successiva spazzolatura, compresi piani di lavoro interni;m²;2.53;Prezzario Regionale dei Lavori Pubblici Regione Lombardia;2026 (DGR XII/6071 del 27/04/2026) - Parte 4: file della cartella allegati-corretti non più collegato dalla pagina ufficiale, che collega la versione del 27/05/2026 con gli stessi prezzi (verifica Notaio 23/09/2026);https://www.regione.lombardia.it/content/dam/rl/canali-tematici-servizi/09-infrastrutture-trasporti-e-mobilit%C3%A0/01-acquisti-e-contratti-pubblici/02-prezzario-regionale-dei-lavori-pubblici/02-prezzario-regionale-dei-lavori-pubblici-infr/allegati/allegato-2026-unico/allegati-corretti/all-parte-4-elenco-prezzi-precedente-struttura.pdf;Parte 4 Precedente struttura pag. PDF 111 del file citato (nella versione del 27/05/2026 la pagina cambia: il riferimento stabile è il codice)
tinteggiature e rasature;LOM261.1C.24.100.0010;Stuccatura saltuaria di superfici interne con stucco emulsionato su scalfitture, fori e cavillature, con carteggiatura delle zone stuccate;m²;2.38;Prezzario Regionale dei Lavori Pubblici Regione Lombardia;2026 (DGR XII/6071 del 27/04/2026) - Parte 4: file della cartella allegati-corretti non più collegato dalla pagina ufficiale, che collega la versione del 27/05/2026 con gli stessi prezzi (verifica Notaio 23/09/2026);https://www.regione.lombardia.it/content/dam/rl/canali-tematici-servizi/09-infrastrutture-trasporti-e-mobilit%C3%A0/01-acquisti-e-contratti-pubblici/02-prezzario-regionale-dei-lavori-pubblici/02-prezzario-regionale-dei-lavori-pubblici-infr/allegati/allegato-2026-unico/allegati-corretti/all-parte-4-elenco-prezzi-precedente-struttura.pdf;Parte 4 Precedente struttura pag. PDF 111 del file citato (nella versione del 27/05/2026 la pagina cambia: il riferimento stabile è il codice)
tinteggiature e rasature;LOM261.1C.24.710.0010.a;Raschiatura saltuaria di vecchie pitture con limitati distacchi su supporti murari conservati, con rimozione di chiodi e ganci e spolveratura;m²;1.95;Prezzario Regionale dei Lavori Pubblici Regione Lombardia;2026 (DGR XII/6071 del 27/04/2026) - Parte 4: file della cartella allegati-corretti non più collegato dalla pagina ufficiale, che collega la versione del 27/05/2026 con gli stessi prezzi (verifica Notaio 23/09/2026);https://www.regione.lombardia.it/content/dam/rl/canali-tematici-servizi/09-infrastrutture-trasporti-e-mobilit%C3%A0/01-acquisti-e-contratti-pubblici/02-prezzario-regionale-dei-lavori-pubblici/02-prezzario-regionale-dei-lavori-pubblici-infr/allegati/allegato-2026-unico/allegati-corretti/all-parte-4-elenco-prezzi-precedente-struttura.pdf;Parte 4 Precedente struttura pag. PDF 112 del file citato (nella versione del 27/05/2026 la pagina cambia: il riferimento stabile è il codice)
tinteggiature e rasature;LOM261.1C.24.710.0020.a;Rasatura dell'intera superficie interna con stucco emulsionato ad una mano e carteggiatura, su vecchie pitturazioni raschiate;m²;7.89;Prezzario Regionale dei Lavori Pubblici Regione Lombardia;2026 (DGR XII/6071 del 27/04/2026) - Parte 4: file della cartella allegati-corretti non più collegato dalla pagina ufficiale, che collega la versione del 27/05/2026 con gli stessi prezzi (verifica Notaio 23/09/2026);https://www.regione.lombardia.it/content/dam/rl/canali-tematici-servizi/09-infrastrutture-trasporti-e-mobilit%C3%A0/01-acquisti-e-contratti-pubblici/02-prezzario-regionale-dei-lavori-pubblici/02-prezzario-regionale-dei-lavori-pubblici-infr/allegati/allegato-2026-unico/allegati-corretti/all-parte-4-elenco-prezzi-precedente-struttura.pdf;Parte 4 Precedente struttura pag. PDF 112 del file citato (nella versione del 27/05/2026 la pagina cambia: il riferimento stabile è il codice)
tinteggiature e rasature;LOM261.1C.24.710.0020.b;Rasatura dell'intera superficie interna con stucco emulsionato a due mani con doppia carteggiatura, su vecchie pitturazioni raschiate;m²;13.16;Prezzario Regionale dei Lavori Pubblici Regione Lombardia;2026 (DGR XII/6071 del 27/04/2026) - Parte 4: file della cartella allegati-corretti non più collegato dalla pagina ufficiale, che collega la versione del 27/05/2026 con gli stessi prezzi (verifica Notaio 23/09/2026);https://www.regione.lombardia.it/content/dam/rl/canali-tematici-servizi/09-infrastrutture-trasporti-e-mobilit%C3%A0/01-acquisti-e-contratti-pubblici/02-prezzario-regionale-dei-lavori-pubblici/02-prezzario-regionale-dei-lavori-pubblici-infr/allegati/allegato-2026-unico/allegati-corretti/all-parte-4-elenco-prezzi-precedente-struttura.pdf;Parte 4 Precedente struttura pag. PDF 112 del file citato (nella versione del 27/05/2026 la pagina cambia: il riferimento stabile è il codice)
pavimenti;LOM261.OC.EEA.Pa02.C1206.L0005.0220.-;Pavimento interno in piastrelle di gres porcellanato smaltato colore chiaro 30x30 cm, posato a malta, compresa la boiacca. Esclusi sottofondo, letto di posa e assistenza muraria;m²;55.98;Prezzario Regionale dei Lavori Pubblici Regione Lombardia;2026 (DGR XII/6071 del 27/04/2026);https://www.regione.lombardia.it/content/dam/rl/canali-tematici-servizi/09-infrastrutture-trasporti-e-mobilit%C3%A0/01-acquisti-e-contratti-pubblici/02-prezzario-regionale-dei-lavori-pubblici/02-prezzario-regionale-dei-lavori-pubblici-infr/allegati/allegato-2026-unico/allegati-corretti/all-parte-1-elenco-prezzi-civile-urbanizzazione-difesa-suolo-agroforestale.pdf;Parte 1 Elenco prezzi Civile pag. PDF 172 (ex codice 1C.18.150.0030.e)
pavimenti;LOM261.OC.EEA.Pa02.C1206.L0005.0260.-;Pavimento interno in piastrelle di gres porcellanato liscio colore chiaro 30x30 cm, posato a malta, compresa la boiacca. Esclusi sottofondo, letto di posa e assistenza muraria;m²;42.17;Prezzario Regionale dei Lavori Pubblici Regione Lombardia;2026 (DGR XII/6071 del 27/04/2026);https://www.regione.lombardia.it/content/dam/rl/canali-tematici-servizi/09-infrastrutture-trasporti-e-mobilit%C3%A0/01-acquisti-e-contratti-pubblici/02-prezzario-regionale-dei-lavori-pubblici/02-prezzario-regionale-dei-lavori-pubblici-infr/allegati/allegato-2026-unico/allegati-corretti/all-parte-1-elenco-prezzi-civile-urbanizzazione-difesa-suolo-agroforestale.pdf;Parte 1 Elenco prezzi Civile pag. PDF 173 (ex codice 1C.18.200.0030.g)
pavimenti;LOM261.OC.EEA.Pa02.C1206.L0001.0020.-;Pavimento interno in piastrelle di monocottura smaltata in tinta unita 30x30 cm, posato a malta, compresa la boiacca. Esclusi sottofondo, letto di posa e assistenza muraria;m²;54.88;Prezzario Regionale dei Lavori Pubblici Regione Lombardia;2026 (DGR XII/6071 del 27/04/2026);https://www.regione.lombardia.it/content/dam/rl/canali-tematici-servizi/09-infrastrutture-trasporti-e-mobilit%C3%A0/01-acquisti-e-contratti-pubblici/02-prezzario-regionale-dei-lavori-pubblici/02-prezzario-regionale-dei-lavori-pubblici-infr/allegati/allegato-2026-unico/allegati-corretti/all-parte-1-elenco-prezzi-civile-urbanizzazione-difesa-suolo-agroforestale.pdf;Parte 1 Elenco prezzi Civile pag. PDF 161 (ex codice 1C.18.150.0010.e)
pavimenti;LOM261.OC.EEA.Pa02.C1206.Qa005.0000.-;Pavimento in listoni di rovere 60-120 x 6-7 cm spessore 2,2 cm su magatelli, con levigatura e ceratura. Esclusa assistenza muraria;m²;120.41;Prezzario Regionale dei Lavori Pubblici Regione Lombardia;2026 (DGR XII/6071 del 27/04/2026);https://www.regione.lombardia.it/content/dam/rl/canali-tematici-servizi/09-infrastrutture-trasporti-e-mobilit%C3%A0/01-acquisti-e-contratti-pubblici/02-prezzario-regionale-dei-lavori-pubblici/02-prezzario-regionale-dei-lavori-pubblici-infr/allegati/allegato-2026-unico/allegati-corretti/all-parte-1-elenco-prezzi-civile-urbanizzazione-difesa-suolo-agroforestale.pdf;Parte 1 Elenco prezzi Civile pag. PDF 196 (ex codice 1C.18.400.0010.a)
pavimenti;LOM261.OC.EEA.Pa02.C1206.Qb003.0000.-;Pavimento in laminato HDF effetto legno spessore 8 mm classe AC5, con materassino antirumore. Esclusa assistenza muraria;m²;58.10;Prezzario Regionale dei Lavori Pubblici Regione Lombardia;2026 (DGR XII/6071 del 27/04/2026);https://www.regione.lombardia.it/content/dam/rl/canali-tematici-servizi/09-infrastrutture-trasporti-e-mobilit%C3%A0/01-acquisti-e-contratti-pubblici/02-prezzario-regionale-dei-lavori-pubblici/02-prezzario-regionale-dei-lavori-pubblici-infr/allegati/allegato-2026-unico/allegati-corretti/all-parte-1-elenco-prezzi-civile-urbanizzazione-difesa-suolo-agroforestale.pdf;Parte 1 Elenco prezzi Civile pag. PDF 200 (ex codice 1C.18.400.0040)
pavimenti;LOM261.OC.EEA.Pa02.C1206.D0017.0000.-;Pavimento vinilico multistrato in listoni PVC effetto legno spessore 2 mm incollati, compresa rasatura del sottofondo esistente. Esclusa assistenza muraria;m²;39.63;Prezzario Regionale dei Lavori Pubblici Regione Lombardia;2026 (DGR XII/6071 del 27/04/2026);https://www.regione.lombardia.it/content/dam/rl/canali-tematici-servizi/09-infrastrutture-trasporti-e-mobilit%C3%A0/01-acquisti-e-contratti-pubblici/02-prezzario-regionale-dei-lavori-pubblici/02-prezzario-regionale-dei-lavori-pubblici-infr/allegati/allegato-2026-unico/allegati-corretti/all-parte-1-elenco-prezzi-civile-urbanizzazione-difesa-suolo-agroforestale.pdf;Parte 1 Elenco prezzi Civile pag. PDF 136 (ex codice 1C.18.450.0065.a)
pavimenti;LOM261.OC.EEA.Pa30.C1206.Qa000.0255.-;Levigatura meccanica di pavimento in legno esistente con verniciatura a 3 mani di vernice trasparente e pulizia finale. Esclusa assistenza muraria;m²;25.98;Prezzario Regionale dei Lavori Pubblici Regione Lombardia;2026 (DGR XII/6071 del 27/04/2026);https://www.regione.lombardia.it/content/dam/rl/canali-tematici-servizi/09-infrastrutture-trasporti-e-mobilit%C3%A0/01-acquisti-e-contratti-pubblici/02-prezzario-regionale-dei-lavori-pubblici/02-prezzario-regionale-dei-lavori-pubblici-infr/allegati/allegato-2026-unico/allegati-corretti/all-parte-1-elenco-prezzi-civile-urbanizzazione-difesa-suolo-agroforestale.pdf;Parte 1 Elenco prezzi Civile pag. PDF 692 (ex codice 1C.18.400.0060.b)
pavimenti;LOM261.OC.EEA.Pa04.C0915.J0001.0005.a;Massetto sabbia-cemento (dosaggio 300 kg/m³) spessore 5 cm tirato in perfetto piano a mano, per pavimenti incollati;m²;25.08;Prezzario Regionale dei Lavori Pubblici Regione Lombardia;2026 (DGR XII/6071 del 27/04/2026);https://www.regione.lombardia.it/content/dam/rl/canali-tematici-servizi/09-infrastrutture-trasporti-e-mobilit%C3%A0/01-acquisti-e-contratti-pubblici/02-prezzario-regionale-dei-lavori-pubblici/02-prezzario-regionale-dei-lavori-pubblici-infr/allegati/allegato-2026-unico/allegati-corretti/all-parte-1-elenco-prezzi-civile-urbanizzazione-difesa-suolo-agroforestale.pdf;Parte 1 Elenco prezzi Civile pag. PDF 511 (ex codice 1C.08.050.0030)
pavimenti;LOM261.OC.EEA.Pa04.C0915.J0004.0005.a;Massetto alleggerito con argilla espansa spessore 5 cm steso con mezzo meccanico, per pavimenti posati a malta. Esclusa installazione pompa autocarrata;m²;22.14;Prezzario Regionale dei Lavori Pubblici Regione Lombardia;2026 (DGR XII/6071 del 27/04/2026);https://www.regione.lombardia.it/content/dam/rl/canali-tematici-servizi/09-infrastrutture-trasporti-e-mobilit%C3%A0/01-acquisti-e-contratti-pubblici/02-prezzario-regionale-dei-lavori-pubblici/02-prezzario-regionale-dei-lavori-pubblici-infr/allegati/allegato-2026-unico/allegati-corretti/all-parte-1-elenco-prezzi-civile-urbanizzazione-difesa-suolo-agroforestale.pdf;Parte 1 Elenco prezzi Civile pag. PDF 514 (ex codice 1C.08.100.0020)
pavimenti;LOM261.OC.EEA.Pa04.C0915.J0018.0000.a;Massetto autolivellante a base di anidrite spessore 4 cm su supporto isolato con polietilene;m²;30.62;Prezzario Regionale dei Lavori Pubblici Regione Lombardia;2026 (DGR XII/6071 del 27/04/2026);https://www.regione.lombardia.it/content/dam/rl/canali-tematici-servizi/09-infrastrutture-trasporti-e-mobilit%C3%A0/01-acquisti-e-contratti-pubblici/02-prezzario-regionale-dei-lavori-pubblici/02-prezzario-regionale-dei-lavori-pubblici-infr/allegati/allegato-2026-unico/allegati-corretti/all-parte-1-elenco-prezzi-civile-urbanizzazione-difesa-suolo-agroforestale.pdf;Parte 1 Elenco prezzi Civile pag. PDF 519 (ex codice 1C.08.250.0030.a)
pavimenti;LOM261.OC.EEA.Pa02.C1240.Qa001.0000.-;Battiscopa in legno duro 60x9 mm fissato con viti o incollato, compresi tagli e sfridi. Esclusa assistenza muraria;m;6.64;Prezzario Regionale dei Lavori Pubblici Regione Lombardia;2026 (DGR XII/6071 del 27/04/2026);https://www.regione.lombardia.it/content/dam/rl/canali-tematici-servizi/09-infrastrutture-trasporti-e-mobilit%C3%A0/01-acquisti-e-contratti-pubblici/02-prezzario-regionale-dei-lavori-pubblici/02-prezzario-regionale-dei-lavori-pubblici-infr/allegati/allegato-2026-unico/allegati-corretti/all-parte-1-elenco-prezzi-civile-urbanizzazione-difesa-suolo-agroforestale.pdf;Parte 1 Elenco prezzi Civile pag. PDF 255 (ex codice 1C.18.600.0010.a)
pavimenti;LOM261.OC.EEA.Pa02.C1240.L0005.0005.-;Battiscopa in gres porcellanato piano altezza 10 cm posato con malta o collante. Esclusa assistenza muraria;m;14.87;Prezzario Regionale dei Lavori Pubblici Regione Lombardia;2026 (DGR XII/6071 del 27/04/2026);https://www.regione.lombardia.it/content/dam/rl/canali-tematici-servizi/09-infrastrutture-trasporti-e-mobilit%C3%A0/01-acquisti-e-contratti-pubblici/02-prezzario-regionale-dei-lavori-pubblici/02-prezzario-regionale-dei-lavori-pubblici-infr/allegati/allegato-2026-unico/allegati-corretti/all-parte-1-elenco-prezzi-civile-urbanizzazione-difesa-suolo-agroforestale.pdf;Parte 1 Elenco prezzi Civile pag. PDF 249 (ex codice 1C.18.600.0030.b)
impianto idraulico;LOM261.1M.11.200.0010.a;Allacciamento completo di apparecchio sanitario acqua fredda e calda con scarico: valvola generale DN15, tubazione DN15 con guaina isolante, scarico DE40 in PEAD fino alla colonna. Esclusi assistenza muraria, apparecchio e rubinetteria;cad;196.61;Prezzario Regionale dei Lavori Pubblici Regione Lombardia;2026 (DGR XII/6071 del 27/04/2026) - Parte 4: file della cartella allegati-corretti non più collegato dalla pagina ufficiale, che collega la versione del 27/05/2026 con gli stessi prezzi (verifica Notaio 23/09/2026);https://www.regione.lombardia.it/content/dam/rl/canali-tematici-servizi/09-infrastrutture-trasporti-e-mobilit%C3%A0/01-acquisti-e-contratti-pubblici/02-prezzario-regionale-dei-lavori-pubblici/02-prezzario-regionale-dei-lavori-pubblici-infr/allegati/allegato-2026-unico/allegati-corretti/all-parte-4-elenco-prezzi-precedente-struttura.pdf;Parte 4 Precedente struttura pag. PDF 167 del file citato (nella versione del 27/05/2026 la pagina cambia: il riferimento stabile è il codice)
impianto idraulico;LOM261.1M.11.200.0010.b;Allacciamento completo di apparecchio sanitario acqua fredda o calda con scarico DE110 in PEAD fino alla colonna, tubazione DN15 con guaina isolante. Esclusi assistenza muraria, apparecchio e rubinetteria;cad;202.44;Prezzario Regionale dei Lavori Pubblici Regione Lombardia;2026 (DGR XII/6071 del 27/04/2026) - Parte 4: file della cartella allegati-corretti non più collegato dalla pagina ufficiale, che collega la versione del 27/05/2026 con gli stessi prezzi (verifica Notaio 23/09/2026);https://www.regione.lombardia.it/content/dam/rl/canali-tematici-servizi/09-infrastrutture-trasporti-e-mobilit%C3%A0/01-acquisti-e-contratti-pubblici/02-prezzario-regionale-dei-lavori-pubblici/02-prezzario-regionale-dei-lavori-pubblici-infr/allegati/allegato-2026-unico/allegati-corretti/all-parte-4-elenco-prezzi-precedente-struttura.pdf;Parte 4 Precedente struttura pag. PDF 167 del file citato (nella versione del 27/05/2026 la pagina cambia: il riferimento stabile è il codice)
impianto idraulico;LOM261.1M.11.200.0010.c;Allacciamento di apparecchio sanitario acqua fredda e calda senza scarico, tubazioni DN15 con guaina isolante. Esclusi assistenza muraria, apparecchio e rubinetteria;cad;169.69;Prezzario Regionale dei Lavori Pubblici Regione Lombardia;2026 (DGR XII/6071 del 27/04/2026) - Parte 4: file della cartella allegati-corretti non più collegato dalla pagina ufficiale, che collega la versione del 27/05/2026 con gli stessi prezzi (verifica Notaio 23/09/2026);https://www.regione.lombardia.it/content/dam/rl/canali-tematici-servizi/09-infrastrutture-trasporti-e-mobilit%C3%A0/01-acquisti-e-contratti-pubblici/02-prezzario-regionale-dei-lavori-pubblici/02-prezzario-regionale-dei-lavori-pubblici-infr/allegati/allegato-2026-unico/allegati-corretti/all-parte-4-elenco-prezzi-precedente-struttura.pdf;Parte 4 Precedente struttura pag. PDF 167 del file citato (nella versione del 27/05/2026 la pagina cambia: il riferimento stabile è il codice)
impianto idraulico;LOM261.1M.11.200.0010.d;Allacciamento di apparecchio sanitario acqua fredda o calda senza scarico, tubazione DN15 con guaina isolante. Esclusi assistenza muraria, apparecchio e rubinetteria;cad;55.93;Prezzario Regionale dei Lavori Pubblici Regione Lombardia;2026 (DGR XII/6071 del 27/04/2026) - Parte 4: file della cartella allegati-corretti non più collegato dalla pagina ufficiale, che collega la versione del 27/05/2026 con gli stessi prezzi (verifica Notaio 23/09/2026);https://www.regione.lombardia.it/content/dam/rl/canali-tematici-servizi/09-infrastrutture-trasporti-e-mobilit%C3%A0/01-acquisti-e-contratti-pubblici/02-prezzario-regionale-dei-lavori-pubblici/02-prezzario-regionale-dei-lavori-pubblici-infr/allegati/allegato-2026-unico/allegati-corretti/all-parte-4-elenco-prezzi-precedente-struttura.pdf;Parte 4 Precedente struttura pag. PDF 167 del file citato (nella versione del 27/05/2026 la pagina cambia: il riferimento stabile è il codice)
impianto idraulico;LOM261.1M.11.200.0010.e;Allacciamento del solo scarico di apparecchio sanitario con tubazione DE40 in PEAD fino alla colonna. Esclusi assistenza muraria, apparecchio e rubinetteria;cad;82.28;Prezzario Regionale dei Lavori Pubblici Regione Lombardia;2026 (DGR XII/6071 del 27/04/2026) - Parte 4: file della cartella allegati-corretti non più collegato dalla pagina ufficiale, che collega la versione del 27/05/2026 con gli stessi prezzi (verifica Notaio 23/09/2026);https://www.regione.lombardia.it/content/dam/rl/canali-tematici-servizi/09-infrastrutture-trasporti-e-mobilit%C3%A0/01-acquisti-e-contratti-pubblici/02-prezzario-regionale-dei-lavori-pubblici/02-prezzario-regionale-dei-lavori-pubblici-infr/allegati/allegato-2026-unico/allegati-corretti/all-parte-4-elenco-prezzi-precedente-struttura.pdf;Parte 4 Precedente struttura pag. PDF 167 del file citato (nella versione del 27/05/2026 la pagina cambia: il riferimento stabile è il codice)
impianto idraulico;LOM261.OC.EEA.Pa02.I7407.D0033.0000.-;Tubazione in polietilene reticolato PE-X per distribuzione acqua diametro 16 mm, in opera;m;3.86;Prezzario Regionale dei Lavori Pubblici Regione Lombardia;2026 (DGR XII/6071 del 27/04/2026);https://www.regione.lombardia.it/content/dam/rl/canali-tematici-servizi/09-infrastrutture-trasporti-e-mobilit%C3%A0/01-acquisti-e-contratti-pubblici/02-prezzario-regionale-dei-lavori-pubblici/02-prezzario-regionale-dei-lavori-pubblici-infr/allegati/allegato-2026-unico/allegati-corretti/all-parte-2-elenco-prezzi-impianti-meccanici-elettrici-elettrotecnici-idraulici-e-antincendi.pdf;Parte 2 Elenco prezzi Impianti pag. PDF 1402 (ex codice 1M.14.060.0010.a)
impianto idraulico;LOM261.OC.EEA.Pa02.I7407.D0033.0010.-;Tubazione in polietilene reticolato PE-X per distribuzione acqua diametro 20 mm, in opera;m;4.64;Prezzario Regionale dei Lavori Pubblici Regione Lombardia;2026 (DGR XII/6071 del 27/04/2026);https://www.regione.lombardia.it/content/dam/rl/canali-tematici-servizi/09-infrastrutture-trasporti-e-mobilit%C3%A0/01-acquisti-e-contratti-pubblici/02-prezzario-regionale-dei-lavori-pubblici/02-prezzario-regionale-dei-lavori-pubblici-infr/allegati/allegato-2026-unico/allegati-corretti/all-parte-2-elenco-prezzi-impianti-meccanici-elettrici-elettrotecnici-idraulici-e-antincendi.pdf;Parte 2 Elenco prezzi Impianti pag. PDF 1402 (ex codice 1M.14.060.0010.c)
impianto idraulico;LOM261.OC.EEA.Pa02.I7822.D0014.0005.-;Tubazione di scarico in polipropilene autoestinguente a bicchiere diametro 40 mm, compreso fissaggio;m;7.88;Prezzario Regionale dei Lavori Pubblici Regione Lombardia;2026 (DGR XII/6071 del 27/04/2026);https://www.regione.lombardia.it/content/dam/rl/canali-tematici-servizi/09-infrastrutture-trasporti-e-mobilit%C3%A0/01-acquisti-e-contratti-pubblici/02-prezzario-regionale-dei-lavori-pubblici/02-prezzario-regionale-dei-lavori-pubblici-infr/allegati/allegato-2026-unico/allegati-corretti/all-parte-2-elenco-prezzi-impianti-meccanici-elettrici-elettrotecnici-idraulici-e-antincendi.pdf;Parte 2 Elenco prezzi Impianti pag. PDF 1452 (ex codice 1C.12.030.0010.b)
impianto idraulico;LOM261.OC.EEA.Pa02.I7822.D0014.0010.-;Tubazione di scarico in polipropilene autoestinguente a bicchiere diametro 50 mm, compreso fissaggio;m;8.75;Prezzario Regionale dei Lavori Pubblici Regione Lombardia;2026 (DGR XII/6071 del 27/04/2026);https://www.regione.lombardia.it/content/dam/rl/canali-tematici-servizi/09-infrastrutture-trasporti-e-mobilit%C3%A0/01-acquisti-e-contratti-pubblici/02-prezzario-regionale-dei-lavori-pubblici/02-prezzario-regionale-dei-lavori-pubblici-infr/allegati/allegato-2026-unico/allegati-corretti/all-parte-2-elenco-prezzi-impianti-meccanici-elettrici-elettrotecnici-idraulici-e-antincendi.pdf;Parte 2 Elenco prezzi Impianti pag. PDF 1452 (ex codice 1C.12.030.0010.c)
impianto idraulico;LOM261.OC.EEA.Pa02.I7822.D0014.0025.-;Tubazione di scarico in polipropilene autoestinguente a bicchiere diametro 110 mm, compreso fissaggio;m;15.54;Prezzario Regionale dei Lavori Pubblici Regione Lombardia;2026 (DGR XII/6071 del 27/04/2026);https://www.regione.lombardia.it/content/dam/rl/canali-tematici-servizi/09-infrastrutture-trasporti-e-mobilit%C3%A0/01-acquisti-e-contratti-pubblici/02-prezzario-regionale-dei-lavori-pubblici/02-prezzario-regionale-dei-lavori-pubblici-infr/allegati/allegato-2026-unico/allegati-corretti/all-parte-2-elenco-prezzi-impianti-meccanici-elettrici-elettrotecnici-idraulici-e-antincendi.pdf;Parte 2 Elenco prezzi Impianti pag. PDF 1452 (ex codice 1C.12.030.0010.f)
impianto elettrico;LOM261.OC.EEA.Pa01.G8237.Za001.1000.-;Punto luce interrotto da incasso con interruttore bipolare e spia, completo di tubo, conduttori, scatola, frutto e placca e linea fino al punto di alimentazione;cad;48.93;Prezzario Regionale dei Lavori Pubblici Regione Lombardia;2026 (DGR XII/6071 del 27/04/2026);https://www.regione.lombardia.it/content/dam/rl/canali-tematici-servizi/09-infrastrutture-trasporti-e-mobilit%C3%A0/01-acquisti-e-contratti-pubblici/02-prezzario-regionale-dei-lavori-pubblici/02-prezzario-regionale-dei-lavori-pubblici-infr/allegati/allegato-2026-unico/allegati-corretti/all-parte-2-elenco-prezzi-impianti-meccanici-elettrici-elettrotecnici-idraulici-e-antincendi.pdf;Parte 2 Elenco prezzi Impianti pag. PDF 822 (ex codice 1E.02.060.0015.a)
impianto elettrico;LOM261.OC.EEA.Pa01.G8237.Za001.0500.-;Punto luce deviato da incasso, completo di tubo, conduttori, scatole, frutti e placche e linea fino al punto di alimentazione;cad;64.54;Prezzario Regionale dei Lavori Pubblici Regione Lombardia;2026 (DGR XII/6071 del 27/04/2026);https://www.regione.lombardia.it/content/dam/rl/canali-tematici-servizi/09-infrastrutture-trasporti-e-mobilit%C3%A0/01-acquisti-e-contratti-pubblici/02-prezzario-regionale-dei-lavori-pubblici/02-prezzario-regionale-dei-lavori-pubblici-infr/allegati/allegato-2026-unico/allegati-corretti/all-parte-2-elenco-prezzi-impianti-meccanici-elettrici-elettrotecnici-idraulici-e-antincendi.pdf;Parte 2 Elenco prezzi Impianti pag. PDF 821 (ex codice 1E.02.060.0015.b)
impianto elettrico;LOM261.OC.EEA.Pa01.G8237.Za001.1250.-;Punto luce invertito da incasso, completo di tubo, conduttori, scatole, frutti e placche e linea fino al punto di alimentazione;cad;96.58;Prezzario Regionale dei Lavori Pubblici Regione Lombardia;2026 (DGR XII/6071 del 27/04/2026);https://www.regione.lombardia.it/content/dam/rl/canali-tematici-servizi/09-infrastrutture-trasporti-e-mobilit%C3%A0/01-acquisti-e-contratti-pubblici/02-prezzario-regionale-dei-lavori-pubblici/02-prezzario-regionale-dei-lavori-pubblici-infr/allegati/allegato-2026-unico/allegati-corretti/all-parte-2-elenco-prezzi-impianti-meccanici-elettrici-elettrotecnici-idraulici-e-antincendi.pdf;Parte 2 Elenco prezzi Impianti pag. PDF 823 (ex codice 1E.02.060.0015.c)
impianto elettrico;LOM261.OC.EEA.Pa01.G8237.Za001.1255.-;Punto luce invertito da incasso, per ogni invertitore oltre il primo;cad;32.78;Prezzario Regionale dei Lavori Pubblici Regione Lombardia;2026 (DGR XII/6071 del 27/04/2026);https://www.regione.lombardia.it/content/dam/rl/canali-tematici-servizi/09-infrastrutture-trasporti-e-mobilit%C3%A0/01-acquisti-e-contratti-pubblici/02-prezzario-regionale-dei-lavori-pubblici/02-prezzario-regionale-dei-lavori-pubblici-infr/allegati/allegato-2026-unico/allegati-corretti/all-parte-2-elenco-prezzi-impianti-meccanici-elettrici-elettrotecnici-idraulici-e-antincendi.pdf;Parte 2 Elenco prezzi Impianti pag. PDF 823 (ex codice 1E.02.060.0015.p)
impianto elettrico;LOM261.OC.EEA.Pa01.G8237.Za001.0750.-;Punto luce in parallelo ad una qualsiasi derivazione, da incasso;cad;19.65;Prezzario Regionale dei Lavori Pubblici Regione Lombardia;2026 (DGR XII/6071 del 27/04/2026);https://www.regione.lombardia.it/content/dam/rl/canali-tematici-servizi/09-infrastrutture-trasporti-e-mobilit%C3%A0/01-acquisti-e-contratti-pubblici/02-prezzario-regionale-dei-lavori-pubblici/02-prezzario-regionale-dei-lavori-pubblici-infr/allegati/allegato-2026-unico/allegati-corretti/all-parte-2-elenco-prezzi-impianti-meccanici-elettrici-elettrotecnici-idraulici-e-antincendi.pdf;Parte 2 Elenco prezzi Impianti pag. PDF 821 (ex codice 1E.02.060.0015.g)
impianto elettrico;LOM261.OC.EEA.Pa01.G8235.Za001.1000.-;Punto presa da incasso 2P+T 10 A, completo di tubo, conduttori, scatola, frutto e placca e linea fino al punto di alimentazione;cad;44.62;Prezzario Regionale dei Lavori Pubblici Regione Lombardia;2026 (DGR XII/6071 del 27/04/2026);https://www.regione.lombardia.it/content/dam/rl/canali-tematici-servizi/09-infrastrutture-trasporti-e-mobilit%C3%A0/01-acquisti-e-contratti-pubblici/02-prezzario-regionale-dei-lavori-pubblici/02-prezzario-regionale-dei-lavori-pubblici-infr/allegati/allegato-2026-unico/allegati-corretti/all-parte-2-elenco-prezzi-impianti-meccanici-elettrici-elettrotecnici-idraulici-e-antincendi.pdf;Parte 2 Elenco prezzi Impianti pag. PDF 812 (ex codice 1E.02.060.0015.h)
impianto elettrico;LOM261.OC.EEA.Pa01.G8235.Za001.1005.-;Punto presa da incasso 2P+T 16 A, completo di tubo, conduttori, scatola, frutto e placca e linea fino al punto di alimentazione;cad;46.33;Prezzario Regionale dei Lavori Pubblici Regione Lombardia;2026 (DGR XII/6071 del 27/04/2026);https://www.regione.lombardia.it/content/dam/rl/canali-tematici-servizi/09-infrastrutture-trasporti-e-mobilit%C3%A0/01-acquisti-e-contratti-pubblici/02-prezzario-regionale-dei-lavori-pubblici/02-prezzario-regionale-dei-lavori-pubblici-infr/allegati/allegato-2026-unico/allegati-corretti/all-parte-2-elenco-prezzi-impianti-meccanici-elettrici-elettrotecnici-idraulici-e-antincendi.pdf;Parte 2 Elenco prezzi Impianti pag. PDF 812 (ex codice 1E.02.060.0015.i)
impianto elettrico;LOM261.OC.EEA.Pa01.G8235.Za001.1105.-;Punto presa telefono o dati da incasso, completo di tubo, conduttori, scatola, frutto e placca;cad;33.12;Prezzario Regionale dei Lavori Pubblici Regione Lombardia;2026 (DGR XII/6071 del 27/04/2026);https://www.regione.lombardia.it/content/dam/rl/canali-tematici-servizi/09-infrastrutture-trasporti-e-mobilit%C3%A0/01-acquisti-e-contratti-pubblici/02-prezzario-regionale-dei-lavori-pubblici/02-prezzario-regionale-dei-lavori-pubblici-infr/allegati/allegato-2026-unico/allegati-corretti/all-parte-2-elenco-prezzi-impianti-meccanici-elettrici-elettrotecnici-idraulici-e-antincendi.pdf;Parte 2 Elenco prezzi Impianti pag. PDF 815 (ex codice 1E.02.060.0075.f)
impianto elettrico;LOM261.OC.EEA.Pa01.G8205.Za001.0005.-;Interruttore automatico magnetotermico modulare civile 2 poli curva C 6-32 A potere di interruzione 4,5 kA, installato;cad;25.06;Prezzario Regionale dei Lavori Pubblici Regione Lombardia;2026 (DGR XII/6071 del 27/04/2026);https://www.regione.lombardia.it/content/dam/rl/canali-tematici-servizi/09-infrastrutture-trasporti-e-mobilit%C3%A0/01-acquisti-e-contratti-pubblici/02-prezzario-regionale-dei-lavori-pubblici/02-prezzario-regionale-dei-lavori-pubblici-infr/allegati/allegato-2026-unico/allegati-corretti/all-parte-2-elenco-prezzi-impianti-meccanici-elettrici-elettrotecnici-idraulici-e-antincendi.pdf;Parte 2 Elenco prezzi Impianti pag. PDF 732 (ex codice 1E.03.030.0010.b)
impianto elettrico;LOM261.OC.EEA.Pa01.G8205.Za001.0750.b;Interruttore magnetotermico differenziale modulare civile 1P+N 6-32 A sensibilità 0,03 A classe AC potere di interruzione 6 kA, installato;cad;89.05;Prezzario Regionale dei Lavori Pubblici Regione Lombardia;2026 (DGR XII/6071 del 27/04/2026);https://www.regione.lombardia.it/content/dam/rl/canali-tematici-servizi/09-infrastrutture-trasporti-e-mobilit%C3%A0/01-acquisti-e-contratti-pubblici/02-prezzario-regionale-dei-lavori-pubblici/02-prezzario-regionale-dei-lavori-pubblici-infr/allegati/allegato-2026-unico/allegati-corretti/all-parte-2-elenco-prezzi-impianti-meccanici-elettrici-elettrotecnici-idraulici-e-antincendi.pdf;Parte 2 Elenco prezzi Impianti pag. PDF 759 (ex codice 1E.03.030.0300.a)
impianto elettrico;LOM261.OC.EEA.Pa01.G7436.Ca000.0000.-;Quadro elettrico (centralino) da incasso in resina fino a 12 moduli IP40 con porta trasparente e morsettiere, installato;cad;46.57;Prezzario Regionale dei Lavori Pubblici Regione Lombardia;2026 (DGR XII/6071 del 27/04/2026);https://www.regione.lombardia.it/content/dam/rl/canali-tematici-servizi/09-infrastrutture-trasporti-e-mobilit%C3%A0/01-acquisti-e-contratti-pubblici/02-prezzario-regionale-dei-lavori-pubblici/02-prezzario-regionale-dei-lavori-pubblici-infr/allegati/allegato-2026-unico/allegati-corretti/all-parte-2-elenco-prezzi-impianti-meccanici-elettrici-elettrotecnici-idraulici-e-antincendi.pdf;Parte 2 Elenco prezzi Impianti pag. PDF 636 (ex codice 1E.03.070.0180)
impianto elettrico;LOM261.OC.EEA.Pa01.G7436.Ca000.0005.-;Quadro elettrico (centralino) da incasso in resina fino a 24 moduli IP40 con porta trasparente, installato;cad;57.33;Prezzario Regionale dei Lavori Pubblici Regione Lombardia;2026 (DGR XII/6071 del 27/04/2026);https://www.regione.lombardia.it/content/dam/rl/canali-tematici-servizi/09-infrastrutture-trasporti-e-mobilit%C3%A0/01-acquisti-e-contratti-pubblici/02-prezzario-regionale-dei-lavori-pubblici/02-prezzario-regionale-dei-lavori-pubblici-infr/allegati/allegato-2026-unico/allegati-corretti/all-parte-2-elenco-prezzi-impianti-meccanici-elettrici-elettrotecnici-idraulici-e-antincendi.pdf;Parte 2 Elenco prezzi Impianti pag. PDF 636 (ex codice 1E.03.070.0200.a)
impianto elettrico;LOM261.OC.EEA.Pa02.G7424.Sc009.2260.-;Cavo unipolare FS17 450/750 V sezione 2,5 mm², posato;m;1.30;Prezzario Regionale dei Lavori Pubblici Regione Lombardia;2026 (DGR XII/6071 del 27/04/2026);https://www.regione.lombardia.it/content/dam/rl/canali-tematici-servizi/09-infrastrutture-trasporti-e-mobilit%C3%A0/01-acquisti-e-contratti-pubblici/02-prezzario-regionale-dei-lavori-pubblici/02-prezzario-regionale-dei-lavori-pubblici-infr/allegati/allegato-2026-unico/allegati-corretti/all-parte-2-elenco-prezzi-impianti-meccanici-elettrici-elettrotecnici-idraulici-e-antincendi.pdf;Parte 2 Elenco prezzi Impianti pag. PDF 1218 (ex codice 1E.02.040.0015.c)
varie;LOM261.OC.EEA.Pa02.C0100.H0002.0005.-;Tramezzo in cartongesso con una lastra da 1,3 cm per faccia su orditura in acciaio zincato (montanti interasse 60 cm), compresa rasatura dei giunti. Esclusa assistenza muraria;m²;43.14;Prezzario Regionale dei Lavori Pubblici Regione Lombardia;2026 (DGR XII/6071 del 27/04/2026);https://www.regione.lombardia.it/content/dam/rl/canali-tematici-servizi/09-infrastrutture-trasporti-e-mobilit%C3%A0/01-acquisti-e-contratti-pubblici/02-prezzario-regionale-dei-lavori-pubblici/02-prezzario-regionale-dei-lavori-pubblici-infr/allegati/allegato-2026-unico/allegati-corretti/all-parte-1-elenco-prezzi-civile-urbanizzazione-difesa-suolo-agroforestale.pdf;Parte 1 Elenco prezzi Civile pag. PDF 99 (ex codice 1C.06.560.0050.a)
varie;LOM261.OC.EEA.Pa02.C0102.H0002.0005.-;Controparete in lastra di cartongesso idrorepellente da 1,3 cm incollata a parete per bagni e cucine, compresa rasatura dei giunti. Esclusi assistenza muraria e piani di lavoro;m²;26.42;Prezzario Regionale dei Lavori Pubblici Regione Lombardia;2026 (DGR XII/6071 del 27/04/2026);https://www.regione.lombardia.it/content/dam/rl/canali-tematici-servizi/09-infrastrutture-trasporti-e-mobilit%C3%A0/01-acquisti-e-contratti-pubblici/02-prezzario-regionale-dei-lavori-pubblici/02-prezzario-regionale-dei-lavori-pubblici-infr/allegati/allegato-2026-unico/allegati-corretti/all-parte-1-elenco-prezzi-civile-urbanizzazione-difesa-suolo-agroforestale.pdf;Parte 1 Elenco prezzi Civile pag. PDF 103 (ex codice 1C.06.550.0100)
varie;LOM261.OC.EEA.Pa02.C1210.H0002.0010.-;Controsoffitto in lastre di cartongesso da 1,3 cm con orditura nascosta di sostegno. Esclusa assistenza muraria;m²;46.16;Prezzario Regionale dei Lavori Pubblici Regione Lombardia;2026 (DGR XII/6071 del 27/04/2026);https://www.regione.lombardia.it/content/dam/rl/canali-tematici-servizi/09-infrastrutture-trasporti-e-mobilit%C3%A0/01-acquisti-e-contratti-pubblici/02-prezzario-regionale-dei-lavori-pubblici/02-prezzario-regionale-dei-lavori-pubblici-infr/allegati/allegato-2026-unico/allegati-corretti/all-parte-1-elenco-prezzi-civile-urbanizzazione-difesa-suolo-agroforestale.pdf;Parte 1 Elenco prezzi Civile pag. PDF 204 (ex codice 1C.20.050.0050)
varie;LOM261.OC.EEA.Pa02.C0102.L0011.0290.-;Tramezzo in blocchi forati di laterizio spessore 8 cm (formato 24x8x24) con malta di cemento, comprese spalle e voltini. Esclusi piani di lavoro;m²;27.83;Prezzario Regionale dei Lavori Pubblici Regione Lombardia;2026 (DGR XII/6071 del 27/04/2026);https://www.regione.lombardia.it/content/dam/rl/canali-tematici-servizi/09-infrastrutture-trasporti-e-mobilit%C3%A0/01-acquisti-e-contratti-pubblici/02-prezzario-regionale-dei-lavori-pubblici/02-prezzario-regionale-dei-lavori-pubblici-infr/allegati/allegato-2026-unico/allegati-corretti/all-parte-1-elenco-prezzi-civile-urbanizzazione-difesa-suolo-agroforestale.pdf;Parte 1 Elenco prezzi Civile pag. PDF 122 (ex codice 1C.06.070.0110)
varie;LOM261.OC.EEA.Pa16.C0900.Za001.0510.-;Intonaco completo interno a civile fine su pareti verticali (rinzaffo, rustico premiscelato e arricciatura) steso con mezzo meccanico. Esclusi piani di lavoro;m²;31.46;Prezzario Regionale dei Lavori Pubblici Regione Lombardia;2026 (DGR XII/6071 del 27/04/2026);https://www.regione.lombardia.it/content/dam/rl/canali-tematici-servizi/09-infrastrutture-trasporti-e-mobilit%C3%A0/01-acquisti-e-contratti-pubblici/02-prezzario-regionale-dei-lavori-pubblici/02-prezzario-regionale-dei-lavori-pubblici-infr/allegati/allegato-2026-unico/allegati-corretti/all-parte-1-elenco-prezzi-civile-urbanizzazione-difesa-suolo-agroforestale.pdf;Parte 1 Elenco prezzi Civile pag. PDF 669 (ex codice 1C.07.220.0020)
varie;LOM261.OC.EEA.Pa16.C0900.Za001.1000.-;Rasatura interna a civile fine con rasante a base di cemento e calce, 2 mani, su pareti o soffitti. Esclusi piani di lavoro;m²;11.56;Prezzario Regionale dei Lavori Pubblici Regione Lombardia;2026 (DGR XII/6071 del 27/04/2026);https://www.regione.lombardia.it/content/dam/rl/canali-tematici-servizi/09-infrastrutture-trasporti-e-mobilit%C3%A0/01-acquisti-e-contratti-pubblici/02-prezzario-regionale-dei-lavori-pubblici/02-prezzario-regionale-dei-lavori-pubblici-infr/allegati/allegato-2026-unico/allegati-corretti/all-parte-1-elenco-prezzi-civile-urbanizzazione-difesa-suolo-agroforestale.pdf;Parte 1 Elenco prezzi Civile pag. PDF 672 (ex codice 1C.07.230.0010)
varie;LOM261.1C.28.100.0010.b;Assistenza muraria agli impianti meccanici (idraulici) in ristrutturazione, in percentuale sull'importo di tubazioni, canali e allacciamenti;%;20.99;Prezzario Regionale dei Lavori Pubblici Regione Lombardia;2026 (DGR XII/6071 del 27/04/2026) - Parte 4: file della cartella allegati-corretti non più collegato dalla pagina ufficiale, che collega la versione del 27/05/2026 con gli stessi prezzi (verifica Notaio 23/09/2026);https://www.regione.lombardia.it/content/dam/rl/canali-tematici-servizi/09-infrastrutture-trasporti-e-mobilit%C3%A0/01-acquisti-e-contratti-pubblici/02-prezzario-regionale-dei-lavori-pubblici/02-prezzario-regionale-dei-lavori-pubblici-infr/allegati/allegato-2026-unico/allegati-corretti/all-parte-4-elenco-prezzi-precedente-struttura.pdf;Parte 4 Precedente struttura pag. PDF 137 del file citato (nella versione del 27/05/2026 la pagina cambia: il riferimento stabile è il codice)
varie;LOM261.1C.28.200.0010.b;Assistenza muraria all'impianto elettrico e affini in ristrutturazione, in percentuale sull'importo dell'impianto al netto di corpi illuminanti e apparecchiature;%;20.99;Prezzario Regionale dei Lavori Pubblici Regione Lombardia;2026 (DGR XII/6071 del 27/04/2026) - Parte 4: file della cartella allegati-corretti non più collegato dalla pagina ufficiale, che collega la versione del 27/05/2026 con gli stessi prezzi (verifica Notaio 23/09/2026);https://www.regione.lombardia.it/content/dam/rl/canali-tematici-servizi/09-infrastrutture-trasporti-e-mobilit%C3%A0/01-acquisti-e-contratti-pubblici/02-prezzario-regionale-dei-lavori-pubblici/02-prezzario-regionale-dei-lavori-pubblici-infr/allegati/allegato-2026-unico/allegati-corretti/all-parte-4-elenco-prezzi-precedente-struttura.pdf;Parte 4 Precedente struttura pag. PDF 137 del file citato (nella versione del 27/05/2026 la pagina cambia: il riferimento stabile è il codice)
varie;LOM261.RU.00.00.00.0005.a;Manodopera: operaio edile di livello 3° specializzato (muratore, pavimenti e rivestimenti, verniciatore e assimilati), ora ordinaria;h;43.90;Prezzario Regionale dei Lavori Pubblici Regione Lombardia;2026 (DGR XII/6071 del 27/04/2026);https://www.regione.lombardia.it/content/dam/rl/canali-tematici-servizi/09-infrastrutture-trasporti-e-mobilit%C3%A0/01-acquisti-e-contratti-pubblici/02-prezzario-regionale-dei-lavori-pubblici/02-prezzario-regionale-dei-lavori-pubblici-infr/allegati/allegato-2026-unico/allegati-corretti/all-parte-3-elenco-prezzi-risorse-elementari-umane-materiali-strumentali-e-produttive-tecnologiche.pdf;Parte 3 Risorse elementari pag. PDF 1470
varie;LOM261.RU.00.00.00.0015.a;Manodopera: operaio edile di livello 1° comune, ora ordinaria;h;36.63;Prezzario Regionale dei Lavori Pubblici Regione Lombardia;2026 (DGR XII/6071 del 27/04/2026);https://www.regione.lombardia.it/content/dam/rl/canali-tematici-servizi/09-infrastrutture-trasporti-e-mobilit%C3%A0/01-acquisti-e-contratti-pubblici/02-prezzario-regionale-dei-lavori-pubblici/02-prezzario-regionale-dei-lavori-pubblici-infr/allegati/allegato-2026-unico/allegati-corretti/all-parte-3-elenco-prezzi-risorse-elementari-umane-materiali-strumentali-e-produttive-tecnologiche.pdf;Parte 3 Risorse elementari pag. PDF 1471
varie;LOM261.RU.00.01.00.0025.-;Manodopera: operaio metalmeccanico di livello B1 (idraulici, elettricisti, termoidraulici), ora ordinaria;h;36.56;Prezzario Regionale dei Lavori Pubblici Regione Lombardia;2026 (DGR XII/6071 del 27/04/2026);https://www.regione.lombardia.it/content/dam/rl/canali-tematici-servizi/09-infrastrutture-trasporti-e-mobilit%C3%A0/01-acquisti-e-contratti-pubblici/02-prezzario-regionale-dei-lavori-pubblici/02-prezzario-regionale-dei-lavori-pubblici-infr/allegati/allegato-2026-unico/allegati-corretti/all-parte-3-elenco-prezzi-risorse-elementari-umane-materiali-strumentali-e-produttive-tecnologiche.pdf;Parte 3 Risorse elementari pag. PDF 1471
